"OrderNo","UserID","ISBN","Total"
"100b100u10","23","038078243X 042518630X 067176537X ","34.95"
"100g100o10","23","067176537X ","18.45"
"100n100610","23","038078243X ","5.51"
"100T100010","23","067176537X ","18.45"
"100T100r10","23","067176537X ","18.45"
"100X100010","23","038078243X 042518630X 067176537X ","34.95"
"100X100P10","23","067176537X ","18.45"
"4zYSqvx","24","074322678X ","68.9"
"6JHEfpk","24","842342702 ","54.32"
"8T4YuU5","24","553582747 ","21.58"
"B16iNSm","24","1575663937 ","128.4"
"CfGCzDz","24","1558746218 ","34.9"
"DA452md","24","60168013 ","20.79"
"f0Qh8Zj","24","1552041778 ","18.28"
"pk6OWtE","24","61076031 ","1.99"
"QAczei2","26","038078243X 067176537X 080652121X ","81.17"
"RszCXoL","24","080652121X ","57.21"
"vQwocE5","24","1552041778 ","18.28"
"VTvFjdv","24","1567407781 ","25.25"
"WW43EEb","26","074322678X ","68.9"
"zrldUSF","24","446310786 ","12.86"
